<?xml version="1.0" encoding="UTF-8"?>
<!--

    Copyright (c) 2011, 2018 Oracle and/or its affiliates. All rights reserved.

    This program and the accompanying materials are made available under the
    terms of the Eclipse Distribution License v. 1.0, which is available at
    http://www.eclipse.org/org/documents/edl-v10.php.

    SPDX-License-Identifier: BSD-3-Clause

-->

<!--
    Document   : metro.xml
    Author     : Marek Potociar (marek.potociar at oracle.com)
    Description: The custom Metro configuration file.
-->

<metro  xmlns:xsi='http://www.w3.org/2001/XMLSchema-instance'
   xmlns='http://java.sun.com/xml/ns/metro/config'
   version="1.0">
    <tubelines default="#default-metro-tubeline">
        <tubeline name="default-metro-tubeline">
            <client-side>
                <tube-factory className="com.sun.xml.ws.assembler.jaxws.TerminalTubeFactory" />
                <tube-factory className="com.sun.xml.ws.assembler.jaxws.HandlerTubeFactory" />
                <tube-factory className="com.sun.xml.ws.assembler.jaxws.ValidationTubeFactory" />
                <tube-factory className="com.sun.xml.ws.assembler.jaxws.MustUnderstandTubeFactory" />
                <tube-factory className="com.sun.xml.ws.assembler.jaxws.MonitoringTubeFactory" />
                <tube-factory className="com.sun.xml.ws.assembler.jaxws.AddressingTubeFactory" />
                <tube-factory className="com.sun.xml.ws.tx.at.runtime.AtTubeFactory" />
                <tube-factory className="com.sun.xml.ws.rx.rm.runtime.RmTubeFactory" />
                <tube-factory className="com.sun.xml.ws.rx.mc.runtime.McTubeFactory" />
                <tube-factory className="com.sun.xml.wss.provider.wsit.SecurityTubeFactory" />
                <tube-factory className="com.sun.xml.ws.rx.testing.PacketFilteringTubeFactory" />
                <tube-factory className="com.sun.xml.ws.dump.MessageDumpingTubeFactory" />
                
                <!-- Added custom tube factory to the client side tubeline -->
                <tube-factory className="metro_sample.common.CustomTubeFactory" />                
                
                <tube-factory className="com.sun.xml.ws.assembler.jaxws.TransportTubeFactory" />
            </client-side>
            <endpoint-side>
                <tube-factory className="com.sun.xml.ws.assembler.jaxws.TransportTubeFactory" />
                
                <!-- Added custom tube factory to the server side tubeline -->
                <tube-factory className="metro_sample.common.CustomTubeFactory" />                
                
                <tube-factory className="com.sun.xml.ws.dump.MessageDumpingTubeFactory" />
                <tube-factory className="com.sun.xml.ws.rx.testing.PacketFilteringTubeFactory" />
                <tube-factory className="com.sun.xml.wss.provider.wsit.SecurityTubeFactory" />
                <tube-factory className="com.sun.xml.ws.rx.mc.runtime.McTubeFactory" />
                <tube-factory className="com.sun.xml.ws.assembler.jaxws.AddressingTubeFactory" />
                <tube-factory className="com.sun.xml.ws.rx.rm.runtime.RmTubeFactory" />
                <tube-factory className="com.sun.xml.ws.tx.at.runtime.AtTubeFactory" />
                <tube-factory className="com.sun.xml.ws.assembler.jaxws.MonitoringTubeFactory" />
                <tube-factory className="com.sun.xml.ws.assembler.jaxws.MustUnderstandTubeFactory" />
                <tube-factory className="com.sun.xml.ws.assembler.jaxws.HandlerTubeFactory" />
                <tube-factory className="com.sun.xml.ws.assembler.jaxws.ValidationTubeFactory" />
                <tube-factory className="com.sun.xml.ws.assembler.jaxws.TerminalTubeFactory" />
            </endpoint-side>
        </tubeline>
    </tubelines>

</metro>
