<?xml version="1.0" encoding="utf-8"?>
<!--

    Copyright (c) 1997, 2018 Oracle and/or its affiliates. All rights reserved.

    This program and the accompanying materials are made available under the
    terms of the Eclipse Distribution License v. 1.0, which is available at
    http://www.eclipse.org/org/documents/edl-v10.php.

    SPDX-License-Identifier: BSD-3-Clause

-->

<!--
 $Id: wsit-client.xml,v 1.9 2010-10-21 14:23:14 snajper Exp $
-->

<definitions xmlns="http://schemas.xmlsoap.org/wsdl/"
             xmlns:soap="http://schemas.xmlsoap.org/wsdl/soap/"
             xmlns:wsaw="http://www.w3.org/2005/08/addressing"
             xmlns:wsap10="http://www.w3.org/2005/08/addressing"
             xmlns:wsu="http://docs.oasis-open.org/wss/2004/01/oasis-200401-wss-wssecurity-utility-1.0.xsd"
             xmlns:wsp="http://schemas.xmlsoap.org/ws/2004/09/policy"
             xmlns:tns="http://example.org/retailer"
             targetNamespace="http://example.org/retailer">
      <wsp:Policy wsu:Id="KeyStorePolicy1">
      <wsp:ExactlyOne>
         <wsp:All>
             <sc:KeyStore xmlns:sc="http://schemas.sun.com/2006/03/wss/client" location="$WSIT_HOME/xws-security/etc/client-keystore.jks" storepass="changeit" alias="alice" optional="true"/>
             <sc:TrustStore xmlns:sc="http://schemas.sun.com/2006/03/wss/client" location="$WSIT_HOME/xws-security/etc/client-truststore.jks" storepass="changeit" peeralias="bob"/>
             <sc:CallbackHandlerConfiguration xmlns:sc="http://schemas.sun.com/2006/03/wss/client"  optional="true">
             <sc:CallbackHandler  name="usernameHandler"  default="Alice"  optional="true"/>
            </sc:CallbackHandlerConfiguration>
       </wsp:All>
      </wsp:ExactlyOne>
   </wsp:Policy>


    <types>
        <schema
                xmlns="http://www.w3.org/2001/XMLSchema"
                xmlns:xsd="http://www.w3.org/2001/XMLSchema"
                targetNamespace="http://example.org/retailer"
                xmlns:xmime="http://www.w3.org/2005/05/xmlmime"
                elementFormDefault="qualified"
                attributeFormDefault="unqualified">
            <complexType name="QuoteType">

            </complexType>
            <element name="id" type="xsd:int"/>
            <element name="quote">
                <complexType>
                    <sequence>
                        <element name="price" type="float"/>
                        <element name="photo" type="base64Binary" xmime:expectedContentTypes="image/jpeg"/>
                    </sequence>
                </complexType>
            </element>
        </schema>
    </types>

    <message name="getPriceRequest">
        <part name="request" element="tns:id"/>
    </message>

    <message name="getPriceResponse">
        <part name="response" element="tns:quote"/>
    </message>

    <portType name="RetailerPortType">
        <operation name="getPrice">
            <input message="tns:getPriceRequest" wsaw:Action="http://example.org/retailer/request"/>
            <output message="tns:getPriceResponse" wsaw:Action="http://example.org/retailer/response"/>
        </operation>
    </portType>

    <binding name="RetailerBinding" type="tns:RetailerPortType">
        <!--<wsp:PolicyReference URI="#OnlyAddressing_policy"/>-->
        <!--<wsp:PolicyReference URI="#OnlyMTOM_policy"/>-->
        <wsp:PolicyReference URI="#KeyStorePolicy1"/>
        <soap:binding style="document" transport="http://schemas.xmlsoap.org/soap/http"/>
        <operation name="getPrice">
            <soap:operation style="document" soapAction="http://example.org/retailer/request"/>
            <input>
              <!--  <wsp:PolicyReference URI="#Retailer_getPrice_Input_policy"/>-->
                <soap:body use="literal"/>
            </input>
            <output>
                <!--<wsp:PolicyReference URI="#Retailer_getPrice_Output_policy"/>-->
                <soap:body use="literal"/>
            </output>
        </operation>

    </binding>

    <service name="RetailerQuoteService">
        <port name="RetailerPort" binding="tns:RetailerBinding">
            <soap:address location="http://localhost:8080/pricequote/retailer"/>
        </port>
    </service>
</definitions>


