<?xml version="1.0" encoding="UTF-8" standalone="yes"?>
<!--

    Copyright (c) 1997, 2018 Oracle and/or its affiliates. All rights reserved.

    This program and the accompanying materials are made available under the
    terms of the Eclipse Distribution License v. 1.0, which is available at
    http://www.eclipse.org/org/documents/edl-v10.php.

    SPDX-License-Identifier: BSD-3-Clause

-->

<!--
 $Id: custom-sts.xml,v 1.8 2010-10-21 14:29:02 snajper Exp $
-->


<bindings 
    xmlns:xsd="http://www.w3.org/2001/XMLSchema"
    xmlns:jaxb="http://java.sun.com/xml/ns/jaxb"
    xmlns:wsdl="http://schemas.xmlsoap.org/wsdl/"
    wsdlLocation="sts.wsdl"
    xmlns="http://java.sun.com/xml/ns/jaxws">    
    <bindings node="wsdl:definitions">
        <package name="simple.sts"/>
	<enableWrapperStyle>false</enableWrapperStyle>
    </bindings>

    <jaxb:bindings     
        xmlns:xsd="http://www.w3.org/2001/XMLSchema"
        xmlns:jaxb="http://java.sun.com/xml/ns/jaxb">
        <jaxb:bindings schemaLocation="sts_schema.xsd" node="/xsd:schema">
            <jaxb:schemaBindings>
                <jaxb:package name="simple.server.binding"/>
            </jaxb:schemaBindings>
        </jaxb:bindings>
    </jaxb:bindings>


</bindings>

