<!--

    Copyright (c) 1997, 2018 Oracle and/or its affiliates. All rights reserved.

    This program and the accompanying materials are made available under the
    terms of the Eclipse Distribution License v. 1.0, which is available at
    http://www.eclipse.org/org/documents/edl-v10.php.

    SPDX-License-Identifier: BSD-3-Clause

-->

<property name="domain" value="domain1"/>
<path id="jaxws.classpath">
    <pathelement location="${glassfish.home}/lib/webservices-rt.jar"/>
    <pathelement location="${glassfish.home}/lib/webservices-tools.jar"/>
    <pathelement location="${glassfish.home}/lib/endorsed/webservices-api.jar"/>
    <pathelement location="${glassfish.home}/lib/activation.jar"/>
    <pathelement location="${glassfish.home}/lib/javaee.jar"/>
    <pathelement location="${basedir}/../../etc"/>
    <pathelement location="etc/client"/>
</path>
<taskdef name="wsimport" classname="com.sun.tools.ws.ant.WsImport">
    <classpath refid="jaxws.classpath"/>
</taskdef>
<taskdef name="wsgen" classname="com.sun.tools.ws.ant.WsGen">
    <classpath refid="jaxws.classpath"/>
</taskdef>
<taskdef name="apt" classname="com.sun.tools.ws.ant.Apt">
    <classpath refid="jaxws.classpath"/>
</taskdef>
